{
  "linear_regression": {
    "mse": 5059928371.165345,
    "r2": 0.6138664756435185
  },
  "decision_tree": {
    "mse": 4996221997.2359495,
    "r2": 0.6187280398564649
  },
  "linear_coefficients": {
    "MedInc": 40538.404387336675,
    "HouseAge": 1182.8096488848316,
    "TotalRooms": -8.187977078659742,
    "TotalBedrooms": 116.26012768575775,
    "Population": -38.49221313130307,
    "Households": 46.34257195817182,
    "Latitude": -42450.07186349768,
    "Longitude": -42632.39171650982
  },
  "linear_intercept": -3578224.234817956
}